<?xml version="1.0" encoding="ISO-8859-1"?>
<referral  xmlns:xsi="http://www.w3.org/2001/XMLSchema-instance"
	xsi:noNamespaceSchemaLocation="referral.xsd">

<ref>
		<refno>5000</refno>
		<name>praveen</name>
		<address>chennai</address>
		<contact>9897969594</contact>
		<degree>BE</degree>
		<empno>104</empno>
</ref>
	
	<ref>
		<refno>5001</refno>
		<name>ANBAZHAGEN</name>
		<address>banglore</address>
		<contact>9897969594</contact>
		<degree>Bsc</degree>
		<empno>106</empno>
</ref>
<ref>
		<refno>5002</refno>
		<name>saravanan</name>
		<address>chennai</address>
		<contact>9897969594</contact>
		<degree>	BE</degree>
		<empno>104</empno>
</ref>
<ref>
		<refno>5003</refno>
		<name>RAKESH</name>
		<address>PUNE</address>
		<contact>9897969594</contact>
		<degree>BSC</degree>
		<empno>105</empno>
</ref>
<ref>
		<refno>5004</refno>
		<name>VIKAS</name>
		<address>MUMBAI</address>
		<contact>9897969594</contact>
		<degree>BE</degree>
		<empno>106</empno>
</ref>
<ref>
		<refno>5005</refno>
		<name>SANDEEP</name>
		<address>PUNE</address>
		<contact>9897969594</contact>
		<degree>BSC</degree>
		<empno>102</empno>
</ref>
<ref>
		<refno>5006</refno>
		<name>SUMIT</name>
		<address>BANGLORE</address>
		<contact>9897969594</contact>
		<degree>BE</degree>
		<empno>106</empno>
</ref>
<ref>
		<refno>5007</refno>
		<name>RAJESH</name>
		<address>MUMVBAI</address>
		<contact>9897969594</contact>
		<degree>BSC</degree>
		<empno>104</empno>
</ref>
<ref>
		<refno>5008</refno>
		<name>SHALINI</name>
		<address>chennai</address>
		<contact>9897969594</contact>
		<degree>BE</degree>
		<empno>105</empno>
</ref>
</referral>
